{
  "nodes": 138,
  "edges": 137,
  "density_directed": 0.007246376811594203,
  "density_undirected": 0.014492753623188406,
  "weighted_density_directed": 0.007246376811594203,
  "created": "20251006-153729",
  "source": "..\\data\\Completed Australian case set.xlsx",
  "columns": {
    "case_name": 1,
    "node_id": 0,
    "cited_by": 4
  }
}