Year,Nodes,Edges,InDegreeCentralisation,OutDegreeCentralisation
1995,3,0,0.0,0.0
1996,3,0,0.0,0.0
1997,3,0,0.0,0.0
1998,3,0,0.0,0.0
1999,3,0,0.0,0.0
2000,4,0,0.0,0.0
2001,5,0,0.0,0.0
2002,6,0,0.0,0.0
2003,6,0,0.0,0.0
2004,6,0,0.0,0.0
2005,7,0,0.0,0.0
2006,9,0,0.0,0.0
2007,13,0,0.0,0.0
2008,14,0,0.0,0.0
2009,17,1,0.0625,0.0625
2010,20,3,0.10249307479224377,0.10249307479224377
2011,24,4,0.0831758034026465,0.0831758034026465
2012,30,5,0.06539833531510107,0.06539833531510107
2013,36,5,0.054693877551020405,0.054693877551020405
2014,41,5,0.048125,0.048125
2015,47,8,0.04064272211720227,0.04064272211720227
2016,48,8,0.039837030330466275,0.039837030330466275
2017,49,8,0.0390625,0.0390625
2018,52,9,0.03652441368704344,0.03652441368704344
2019,56,14,0.05090909090909091,0.05090909090909091
2020,62,32,0.07471109916689062,0.10803547433485622
2021,71,61,0.11795918367346939,0.11795918367346939
2022,84,91,0.13311075627812455,0.09653070111772391
2023,99,132,0.17180341524364848,0.0790295710120783
2024,112,176,0.19478938397857318,0.06752698644590537
